priority,target,audience,route,angle,status,next_action,contact_identity
1,Civic Tech Field Guide,Civic-tech practitioners,https://civictech.guide/submit-listing/,Auditable public-opinion infrastructure,in_progress,Complete public listing form,"Shawn Bure · info@workrr.ai"
3,Creator Economy,Creator-industry readers,https://creator-economy.org/contact/,Free first-party audience intelligence,not_fit,Do not pitch until Pollrr has verifiable creator revenue or platform-policy data,"Shawn Bure · info@workrr.ai"
1,Scalable,Creator-economy operators,Editorial pitch,Creators becoming audience researchers,research,Identify current editor pitch route,"Shawn Bure · info@workrr.ai"
1,Indie Hackers,Founders and builders,https://www.indiehackers.com/,Transparent build story,ready,Publish founder build log,"Shawn Bure · info@workrr.ai"
1,r/civictech,Civic-tech practitioners,https://www.reddit.com/r/civictech/,Request critique of disclosure standard,ready,Post a genuine feedback question,"Shawn Bure · info@workrr.ai"
2,The Tilt,Content entrepreneurs,https://www.thetilt.com/partnership-opportunities,Poll-to-content flywheel,research,Seek editorial route before paid partnership,"Shawn Bure · info@workrr.ai"
2,BetaList,Early adopters,https://betalist.com/criteria,Pre-launch creator polling platform,hold,Submit after public onboarding is proven,"Shawn Bure · info@workrr.ai"
2,Product Hunt,Product early adopters,https://www.producthunt.com/launch,Human-first creator polling,hold,Prepare assets and launch after stability milestone,"Shawn Bure · info@workrr.ai"
2,Hacker News,Technical early adopters,https://news.ycombinator.com/showhn.html,Signed evidence and AI/human separation,hold,Post only when anyone can try the full product,"Shawn Bure · info@workrr.ai"
2,Local-news newsletters,Editors and local audiences,Direct personalized outreach,Free reader pulse with disclosed limitations,research,Build first list of 25 Arizona and regional publishers,"Shawn Bure · info@workrr.ai"
